source_id,category,source,ground_truth
1,Geonim,גאוני מזרח ומערב,"ודאנא דחמרא דמנחא חירותא בבראזיה אסור למיברזיה לההיא חירותא בשבתאB מ""טB דקתניM אםO היתה נקובהM לא יתן שעוהM מפני שהוא ממרחPC הכי נמיM כיון דפתח להאי קירותא לאותוביה בגוהM קירותא לא אפשרB מאי תקנתיהB יטול מגופת חבית ממנהM וישתה ממנה כל צרכוP אבל כנופה לשעוהM מצד זה לצד זהM ולדבוקה ולסתמהM הוי ליה ממרח וחייב חטאתB וששאלתםM מקום אחד ישM שכל מלבושים כיורדי מלחמהM אין לאחד מהם פחות משלשה אזורותM ואותן אזורות יש מהן של עורPM עשירים נותנין בראש האזור טסין של כסף ושל זהבM ועניים של נחשת ושל ברזלM שבהם קושרים את הרצועהM ובראשם טסים של כסףM וקושרים בה במנעול תחת מקום הארכובהM וכסות שלהם כסות של פרשיםM ויש שתופרים בהם מרגליותP כגון אילוM מהו לצאת בהן בשבתB כך ראינוM שכיון שמלבושיהם כך הוא תמידM וכן הוא מנהגםM מותר לצאת בהם בשבת לר""הM ואף על פי שיש בהן טסים של כסף ושל זהבP וכן במנעליהם אין בכך כלוםM מפני שלנוי הוא שעושין אותןM מפני שכיון שעשירים עושים אותן של כסף ושל זהבM ועניים של נחשת ושל ברזלN נעשותM תכשיטים של כל אחד מהםM ומותרP וכן כסות שתופרים בו רצועהM מותר לצאת בו בשבתM ואף על פי שתופרות בו ברצועותיהם ומרגליותיהםP והכי אמר רב עמרם גאוןB וששאלתםM אמת המים העוברת בחצרM ואותה חצר מוקפתM ואין בעומקה י' טפחיםM ממלא מים ממנה בשבתM או לאB כך ראינוM שמותר למלאות ממנה בשבתB מה טעםB שכל מים שהן עשרה טפחים נעשו כרמליתM ואין ממלאין מהן מרשות היחידM מפני שמכניס מכרמלית לרה""יM ואסור מדרבנןP אבל אם היתה אותה אמת המים פעמים מתמלא עד עשרה טפחיםM מותרM אף בזמן שחסירה מעשרה טפחיםM אין ממלאין ממנה בשבת מפני עמי הארץM שאומריםM פעמים אתם מתירים את השבתM ופעמים אתם אוסריםM שבת אחת מותרתM ושבת אחת אסורP לפיכך מפני חילול השםM אין ממלאיןB"
2,Geonim,הלכות גדולות,"אמר רבהM בהני תלת מיליM נחתין בעלי בתים מנכסיהוP דמשחררי עבדיM ודסיירי נכסיהו בשבתאM וקבעין סעודתיהו בשבתאM בעידן בי מדרשאB אמר רבי חייא בר אבאM אמר רבי יוחנןM שתי משפחות גדולותM היו בירושליםP אחת קבעה סעודתהM בערב שבתM ואחת קבעה סעודתהM בשבתM בשעת בית המדרשM ושתיהן נעקרוB אמר רבה אמר רבM המקדיש עבדוM יצא לחירותB מאי טעמאB גופא לא קדישM לדמי לא קאמרM דלהויMO עם קדושMC קאמרB ורב יוסף אמר רבM המפקיר עבדוM יצא לחירותB מאן דאמר מקדישM כל שכן מפקירP ומאן דאמר מפקירM אבל מקדישM לדמי קאמרM ולא יצא לחירותB צריך גט שיחרורM או אין צריך גט שיחרורB ת""ש דאמרOM רב חייא בר אביןM אמר רבM אחד זה ואחד זהM יצא לחירותM וצריך גט שיחרורCB אמרO אמימרM המפקיר עבדו ומתP אותו עבד אין לו תקנהB מאי טעמאB גופא לא קמני ליהM איסורא הואM דאיכא גביהPC ואיסורא לבניה לא מוריתB האומרO לשפחתוM הרי את שפחהM וילדך בן חוריןP אם היתה עברהM זכתה לוCB האומרO לשפחתוM הרי את בת חוריןM וולדך עבדM ולדה כמוהP דברי רבי יוסי הגליליB וחכמים אומריםM דבריו קיימיןP משום שנאמרM האשהO וילדיה תהיהCB קרא מאי תלמודיה לרבנןB אמר רבאM קרא לרבי יוסי הגלילי הואP דקתניMO ולדה כמוהCP שנאמרM האשהO וילדיה תהיה לאדניהCP בזמן שהאשה לאדניהM וולדה לאדניהP אין האשה לאדניהM אין וולדה לאדניהBC והלכה כחכמיםB הכותבO כל נכסיו לעבדוM יצא לחירותP שייר כל שהוM לא יצא לחירותCB הכותבO שטר גירושין לשפחתוP רבי חנינא בן גמליאל אומרM אינה בת חוריןM עד שיכתב גט חירותP וחכמים אומריםM הרי זו בת חוריןBC והלכה כחכמיםB אמרO להM הרי את בת חוריןM ולא כתב לה גטM הרי היא בת חוריןP וחכמים אומריםM אינה בת חוריןM עד שיכתוב לה גט חירותCB מיO שמתM ואמרM פלוניN עבדי עשיתיו בן חוריןM הרי זה בן חוריןM וצריך גט שיחרור ממנו ומיורשיוB כתבתי לו שטר של שחרורM הרי זה בן חוריןM ויחוש לעצמו עד שיטול השטר בידוCB"
3,Geonim,ספר המקח וממכר,"הדרך הב'M שהמוכר יכול לחזור בלוקחM כגון ש""מM שמכר נכסיוM דלאחר שהבריאM אם אותם דמים הם מצויים בעינהM ה""ז יכול לחזור בוP ואם לאו אינו יכול לחזור בוP כדגר'M אבעיאO להוM ש""מ שמכר כל נכסיו מהוB זמניןM אר""יM אמר רבM אם עמד חוזרP וזמניןM אר""יM א""רM אם עמד אינו חוזרB ולא פליגיP הא דאיתניהו לזוזי בעיניהוM הא דפרעינהו בחובוCP והם שני הדרכיםM שפי' שיכול המוכר לחזור בלוקחM ואף על פי שהיה הממכר תחלה כתקנו וכמשפטוM כ""ש וכ""שM אם היה הממכר בתחלה ע""י אונסM דאותו מכר אינו כלוםM לפי שלא היה כמשפטוB ושני הדרכים שהלוקח יכול לחזור במוכרP הדרך הא'M מי שלקח קרקע מחברוM בין באחריות ובין שלא באחריותM ורואה שם ערעורP אם קודם שהחזיק בקרקעM הלוקח הזה יכול לחזור בו מידM ואף על פי שנתן הדמים או שנכתב השטרM ואף על פי שהערעור הזהM אינו יודע אם יש לו דין בקרקע הזה אם לאוP אבל לאחר שהחזיקM אינו יכול לחזור במקחM עד שירד עם אותו ערער בדיןM ויטרפו אותו מידוM ואח""כ יחזור על המוכרP ודין זה בין שלקחו באחריות בין שלקחו שלא באחריותP כדגר'M אמרO אבייM ראובן שמכר שדה לשמעוןM שלא באחריותM ויצאו עליו עסקיןP עד שלא החזיק בה יכול לחזור בוPM משהחזיק בה אינו יכול לחזור בוP דא""לM חיתא דקטרי סברת וקבלתBP ואיכא דאמרי אפילו באחריות נמיP דא""לM אחוי טרפךM ואשלם לךCP ומשום הכיM יפה עשהB מי שראה להכריז על הקרקעM בשעה שיבא ליד הלוקחM אם יש מי שיערער עליוM או אם יש חילוק עליוM כדי שיוכל הלוקח לחזור בוM ולא יקראM ואשרO לא טוב עשה בתוך עמיוCP כדגר'OM ואשר לא טוב עשה בתוך עמיוCP רב אמרM זה הבא בהרשאהP ושמואל אמרM זה הלוקח שדה שיש עליו עסקיןCB"
4,Geonim,תשובות הגאונים - שערי תשובה,"לרבינו האי ז""לB וששאלתםM צורב""א מרבנןM הוא כמו צרב'ת השחיןM דבר חםM המתחמם באשה של תורהB האי צורבא מרבנןM דרתחM אורייתיה קא מרתחא ליהP שנאמרM הלאO כה דברי כאשCB ד""אM צורבא מרבנןM קשהP בערביM קורין לחטים הקשותM חנטא צריבאM (צ""ל מנוגה) (מובהק)M נגדו בערו גחלי אשB ותרגםM מזיו יקריה מבהקיןB גרסינן בשקליםM תבוא מארהM לאשהM שיש לה בעלM ואינה מתקשטתP ותבוא מארהM לאשהM שאין לה בעלM ומתקשטתP ותבוא מארהM לצורבא מרבנןM דלא מתקשטM בכבודה של תורהB עוד לוM ז""לB וששאלתםM מצוהM לתרגםM בבית הכנסתM על הקורא בתורהM ועל המפטיר בנביאBP והלכה זוM ירושה מימות הנביאיםB וששאלתםM יום טוב של עצרת ברורM סימן יפה לכל השנהB איכא מאןM דס""לM דהא יום טוב של עצרתP דקתני הכאM הואO יום שמיניCM מפני שאותו היוםM מזכירין גבורות גשמיםP ולאו הכין מלתאM אלא על חג השבועותP קאמרM שהוא יום ו' בסיוןM ובו ניתנה תורהB ודבר זהM מפורשM במס' ערכיןM בתוספתאM בפ""קM עצרתOM פעמים שחל להיות בחמשה בו' ובז'M לא פחות ולא יותרB ר' יהודה אומרM חל להיות בחמשהM סימן רע לעולםP בששהM סימן בינוניP בז'M סימן יפה לעולםB אבא שאול אומרM כל זמן שי""ט של עצרת ברורM סימן יפה לעולםPCB וכן מצינוM שהיו ישראל עומדיםM לפני הר סיניM נמשכין לאחוריהם י""ב מילM על כל דבורN ודבורM באין לפניהם י""ב מילM על כל דבורN ודבורP כד היה היום ברורM והיו ישראל משתלחין מפני האשB אמ""ל הקדוש ברוך הואM לענני כבודM רבצו טל לפני בניP שנאמרM ה'O בצאתך משעיר וגו'CM והקב""ה מרביץ טללים לפניהם וגשמיםP שנאמרM גשםO נדבות תניף אלהיםCP דהא יום שמחת לבו של הקדוש ברוך הוא היהB נמצא היום ברורM שמחה וטוב לעולםPB וכך כתב רבינו נסים ז""לB"
5,Geonim,תשובות רב נטרונאי גאון ,תשובהP נדריםM אין נשנית בשתי ישיבות היום ממאה שנהP וכך אמר מר רב יהודא גאוןM נהורא בעלמאM דאנן לא גרסינן נדריםM ולא ידעינן לאסר ולהתר בהM לא נדר ולא שבועהP ואין נוהגין לא בישיבהM ולא בכל מקוםM להתר נדריםM לא בראש השנהM ולא ביום הכפוריםP אלא שמענוM שבשאר ארצותM אומרים כל נדרי ואסריP אנו לא ראינו ולא שמענו מרבותינוB וכך אמר ריש מתיבתאM מנהג שלנוM ובבית רבינו שבבבלM לאחר שאוכלין ושותין וחוזרין לבתי כנסיותM להתפלל תפלת ערביתM כיון שעומד שליח צבורM לפרוס את שמעM מברך שהחיינוB וכל כך למהB שמא יהא אחד מישראלM שלא בירךP אבל אם רצה תלמיד חכם לברךN בפני עצמוM כשהולך לבית הכנסתM הרשות בידוP שאמרנוM הלכתאOM אומר זמןM בראש השנהM וביום הכפוריםCP ואמרנוM זמןM אומרוM אפילו בשוקP והכי אמר רב נטרונאיM במנחה של יום הכפוריםM אין אומר שליח צבורM אתה כוננתM וסדר עבודהM ולא בשחריתM אלא במוסף בלבדP שמזכיר סדר עבודותM והזאותM והודאותM בשעת עבודת כהן גדולP וכיון שהזכיר במוסףM למה הוא חוזר ומזכיר במנחהB הילכךM אל יזכירB וכך מנהג בשתי ישיבותB ולומר במנחה סליחהM הרשות בידוM שיום סליחה הואM ובכל תפלהN ותפלה ראוי לומרB ומנהג של ישיבהM בשחרית אומר ז'M ובמוסף ו'M במנחה ובנעילה ג'N ג'P ואם יש פנאיM אומר חמשB זה שקורין במנחה ביום הכפורים בעריותM מפני מהB שיום הכפוריםM אין מתכפרין בו עונותM עד שיחזרו בתשובהP ואף על גב דאמרינןM כלO עבירות שבתורהM בין עשה תשובהM בין לא עשה תשובהM יום הכפורים מכפרCM לית הלכתא כרביM אלא כהא ברייתאM שאלO מתתיה בן חרשM את ר' שמעון בן יוחאיM ברומיM שמעת ארבעה חלוקי כפרה כו'P וכיון דלא מכפר יום הכפוריםM אלא בתשובה עמו דווקאM קרינן בעריותP דאםM חס ושלוםM בן ישראל שפרץ בעריותM או בנידהM כיון שקורין לפניוM זוכר עבירהM שבאת לידוM וחוזר בתשובהM כדי שיתכפר לוB
6,Geonim,תשובות הגאונים - הרכבי,וששאלתM מה החלוק בהברחהM בין הקרקעM והמטלטליןM כשהיא מעכשיו ולכשארצהP ואם מי שניתנו לוM אוכל הפירותM כל זמן שהם בידוB התשובהM ההברחה היא בין במטלטליןM בין בקרקעM בלשון מעכשיו ולכשארצהM כמו שאמרתP ואין ביניהם חלוקP והוא אוכל פירות הקרקעM כל זמן שהיא בידוP וההברחה הנזכרת בתלמודM אינה צריכה לא מעכשיוM ולא כשארצהM אבל צריכה שתתן כל נכסיהM ולא תניח לעצמה כלוםM ולא אפילו מטלטליןP כאמרםM חמשהOM עד שיכתבו כל ניכסיהםM והמברחת בכללםCP ואמרוM ובכולןOM מטלטלי הוי שיור וכו'CP והמקבל אוכל פירות כל זמן שהם בידוB וששאלתM מהו החלוקM בין הברחת האשה לנכסיהM ובין הברחת איש לנכסיוM מחמת שהוא רוצה לישאB לא מצינו דין מבריח באישP ואין זה דבר ששייך בו ההיקשP שנאמרM אםO נתן האיש כל נכסיוM שיהא דינוM דין המברחתPC אלא המתנה שייכת בוM אם לא התנה בה כלוםB ואם גילה דעתוM שהוא עושה זאתM על דרך הערמהM והברחת הנזקM זה נקרא שטר פסיםM או שטר אמנהM ולא ניתן ליכתבP ואם כתבM אין להם דין שטרM ולא דין שעבודM כי ישארו ברשותוM והמחאה במעמד שלשתן לא קנהM עד שיאמר לוM מנה שיש לי בידךM תנהו לפלוני זהP ואם לא יאמרM מנה שיש לי בידךM אלא רצונו להלות לזהM מה שיתן לחברוM לא קנה ההמחאהM מפני שאין לו אצלו כלוםM מה שמקנה להאחרP ואין חלוקM בין אם מי שהמחהו עליו הוא גויM או ישראלP כיון שנתרצה בהמחאתוM על הגויM כבר פסקה תביעתו מישראלP וכשפסקה תביעתוM לא יוכל עוד לחזור עליוP ואם לא יתן לו הגוי כלוםM איהו דאפסיד אנפשיהM כשקבל המחאה על הגויB ואמרםM אמרO רבאM אמר רב נחמןM שכיב מרע שאמרM הלואתי לפלוני הלואתו לפלוניCM ואין בינו ובין הירושלמיM באמרוM לוקחO אדם שטרותיו שלחבירוM ומלותו שלחבירו בפחותM ואינו חושש משום רביתMC כי אין זה רק בדיבור בעלמאM כמו בשכיב מרעP אלא זה נקנהM בכתיבה ומסירהM ובכתיבה צריך לומרM קני לך האיי שטראM וכל שעבודא דאית ביהM והואיל וכךM מה ענין זה אצל זהM וכן במלותו שלחבירוM כי לא יקנה את המלוהM עד שימחהו עליוM במעמד שלשתןM שלא יוכל לחזור עליוM ואם לאו ההלואה קיימתM ויש בה משום רביתP וכן אם רצה אדםM ליתן לחבירוM כתב חשבוןM שיש לו על אחרM או למכור לוM אם הוא בלא שטרM צריך גם כן להמחהוM במעמד שלשתןM ואין צריכין בזה על גבM ולא קניןM כי הקנין לא יועיל בזה כלוםM לאמרםM אין מטבע נקנה בחליפיןB
7,Geonim,המקח והממכר -- עמק השער,"והנהM כשנעיין בדברי רבינוM יש לדייקM ממה שכתבP וז""לM ורוצהO הא' לחלק ממנוM והשני אינו רוצהM יש מן הדין על הא' כו'CP הנה כתוב בד""רM שרוצה א' ליחלקM אבל אינו מבוארM באיזה אופן הוא תובע ליחלקM דמשמעM דאם רק תובע לחלקM אז בי""ד פוסקין להם הדיןM דגואא""גP אבל הרמב""םM שכתב שםM א'O מהשותפיןM שאמר כו'CM מכור לי חלקךM או קנה ממניM מלשון זהM משמעM דהתביעה צריך להיות על גואא""גM אזM פוסקין להם הדיןM דגואא""גM אבל אם טוען רקM שרוצה ליחלקM אין מבואר דעתוP ואפשרM כיוןM דדעת הרמב""םM לפסוק כר""נM דדיינין להםM גם חלוקה לזמןM א""כM אפשרM דחלוקה לזמןM עדיפא לדידי'M מגואא""גP וכסברת הרשב""א הנ""לP ולכןM צריך שיתבע מפורשM שרוצה הדין דגואא""גP אבל סתמאM אפשרM דפוסקין להםM חלוקת ימיםP אבל רבינוP אוליP שיסבור כדעת הראב""דM דלא דיינינן להם חלוקה בימיםM רק גואא""גP ולכן אם רק תובעM שרוצה ליחלק משותפוM זה לבדM מספיקM שיפסקו להם הדיןM דגואא""גM כיוןM דאין חלוקה אחרתP ולפי הנתבארM יש מקום להסביר דינו של רבינוM שפסקM דהיכאM דכ""א טוען אגודM שימכרו לאחריםM דהנה זה מסתבר לומרM דהדין של גואא""גM מה שאחד לוקח חלק חבירוM הוי זה דין של מכירהP ואי""זM אופן של חלוקת שותפיםM שאחד נוטל החפץM והשני הדמיםM דשם חלוקה שייךM כשחולקים גוף הדברM או חפץ כנגד חפץM היכא שתשמישם שוהP אבלM בגוד או אגודM שאחד לוקח כל החפץM והשני נוטל רק דמי חלקוM ה""ז ממש שמוכר לו חלקוP וא""כM כיוןM דדין גואא""גM הוא שתיקנוM משוםM דע""י השותפותM יצא היזקM לאחד מהםM אוM שאינם משתווים בדיעותיהםM ולכןM סובר רבינוM דהיכאM דכ""א רוצה ליקחM ולא למכורM הריM להשאר בשותפות א""אM ולפסוק להםM שיחלקו בתשמישים של ימים וזמניםM יסבורM כדעת הראב""דM דלא עבדינן חלוקה כזוM וכמש""נP ולכן דעת רבינוM שמוכרים לאחרM דמה ליM הפקעה משותף א' חלקוM ולמכור לשניM ומה ליM שנפקיע משניהםM למכור לאחרP ודין זהM הוא ג""כM מגוף תקנת הדיןM שמחייבים לעשות גואא""גM משוםM למנוע היזק מאחד לחבירוP וכמו שהקדמנוM בשם התשב""ץB"
8,Geonim,הלכות קצובות,ואמרו חכמיםM מאה גיטיןM ולא ספק אחדM שימוש בית דיןM ואילו הם עריות מן אחות חלוצהM לא הוי הולד ממזרP דתנןM החולץO ליבמתוM ונשא אחיו את אחותהM ומתM חולצת ולא מתייבמתP אבל המגרש את אשתוM ונשא אחיו את אחותהM ומתM פטורהBC אמר ר' שמעוןM כאןO שנה ר' אחות גרושהM אסורה מדברי תורהM ואחות חלוצהM אסורה מדברי סופריםCB שומרת יבםM שזינתהM בלא חליצהM מותרת ליבםB המיבםM יורש חלק אחיוM אבל חולץ לאB שומרת יבם שניסית בלא חליצהP צריכה גטM מאותו שניסית לוM ומותרת ליבםM שזיכר אדונינו לברכהB מר רב יהודאי ריש מתיבתאM הכי קאמרM שומרת יבםM שניסת בלא חליצהM אם אין לה בניםM תצא מזה ומזהM מבעל בגטM ומיבם בחליצהM ואסורה להם עולמיתP נתקדשהM ולא ניסיתM אם היה יבמהM ישראל נותן לה שיני גטM ומותרת ליבם ניסיתP ואם יש לו בניםM אם היה בעלה ישראלM חולץ לה יבםM ויושבת תחת בעלהM ולא מפקינן לה מיניהM כדיM שלא תוציא לעז על בניהP ואם היה בעלה כהןM ויש לו בנים ממנהM אפילו חליצהM לא צריכהP ואם מתו בניה בלא זרעM תצא מבעל בגטM ומיבם בחליצהM ואסורה להן עולמיתP וכי קאמרינןM אם היה בעלה כהןM ויש לו בניםM אפילו חליצהM לא צריכהM דכד חליץ לה יבם אסורה ליהM ולא מפקינן לה מיניהM כדיM שלא תוציא לעז על בניהM ואסור ליה למקרב לגבהM כל היכא דאיכא יבם בחייםM דכל ביאהN וביאהM דאזיל גבה קאי בעשהP ומתבעי ליה לאיפרושי מינהP וכי מיית יבםM שרי למיקרב גבהB יבמהM ג' חדשים הראשוניםM ניזונת משל בעלהP מיכן ואילך לאN משל בעלהM ולאN משל יבםB ברח יבם שלהM ניזונת משל יבםB נפלה לפני יבם קטןM מיבםB לא אכלה מבעל מאיB הילכתאM לא אכלהM אלאM מן דידהM ולא משלוB
9,Geonim,תשובות הגאונים - קורנל,"וששאלתםM שני אחיםM אחד מהםM נשא אשה אחתP עד שלא נתעברה ממנוM הלך לו לאכסניאP ולאחר זמןM באו ואמרו להM שמת בעלךP ועמד אחי בעלהM ויבם אותהM וילדה ממנו בןN ובתP ואח""כM בא בעלהM או שמעו עליוM שעדיין הוא בחייםP היאך יעשוB כך הוא המעשהP הולד ממזרM ותצא משניהםM ואסורה להם איסור לעולםB וששאלתםM מי שחטף אשה ארוסהM והוליכה לביתM או לחורבהM וזינה בהM ואין שם עדים שמעידיםP אם יש שם עדיםM ששמעו אותה שצעקהM והיא צווחתN ומיללתM נתפסה ואנסה על כרחהB כך הוא המעשהP אם יש עדיםM יעידו כי היא אנוסהM ושמעו צעקתהN ויללתהM מותרת היא לבעלהM אם היה ישראלP ואם היה כהןM אסורה היא לעולםM ותצאM ויתן כתובתהP ואם לא היו עדיםM שיעידו שצוחהM בשעה שאנסהM ולא שמעו צעקתהM אלאM היא מדעתה אומרתM אנסני על כרחיM לא כל הימנה דבר זהM אלאM על פי עדיםM מתקיים הדברM והיא אסורה על בעלה ישראלM ויוצאה ממנו בגטM ואין לה כתובהM ואסורה לינשא למי שזינתה עמוB וששאלתםM אשהM שמת בעלהM והניח לה בתM ונשתמדה אמה של הנערהM והלכהM ונישאת לגויM והבתM עשת אצל הגויM עם אמהM זמן ניכרM ובא כהן אחדM ולקח הנערה לאשהP מהוM שתהא מותרת לוB כך הוא המעשהP מכיוןM שנתיחדה לגויM הנערה בביתו של גויM הויה לה חללהM ואסורה לכהןP ואם היו לו בנים ממנהM חללין הםM וכשרין ליטול נשיםM בין כהנותM בין לויותM בין ישראליותP ואם הולידו בנותM חללות הןM ופסולות מן הכהונהM אבל לישראלM כשרות הןM ובנותיהן מישראלM כשרות לכהונהB וששאלתםM מי שקדש נערה בתולהM בקידושיןN גמוריןM והיה שם נער אחד בחצרM נכנס ויוצא לתוך ביתה של נערהM והיא בבית אביהM ואחר זמןM נמצאת מעוברתM והיא טוענתM ואומרתM מן ארוסי נתעברתיM והארוס אמרM לא הכרתי בה מימיM והיו בני אדם מליזיןM שנתעברה מן שכנהM מן אותו נערM אבל עדות גמורהM לא היה שםM ואח""כM גדל הנערM והיה בן שנהM והיה דומה לאותו הנער שכינהM שהכל מליזין עליוB כך הוא המעשהP מביאין אותוM לפני הדייניםM ארוסהM ושכינהM שנחשדה עמוM ומאיימין עליהםB אם עמד ארוסה בדבורוM שאמרM לא הכרתי בה מימיM והכל יודעיןM שלא נתייחד עמה ארוסהM כל עיקרM יכו אותוM ויעשו בו דיןP אם הודיתM ואומרתN בפיהM מן אותו שכןM אני מעוברתM ולא אמרתי מארוסיM אלא מיראהM ואח""כM הודה השכןM ואמרM ממני התעברהM יכו אותוM ויעשו בו דין תורהM והולד ממזרB"
10,Geonim,תשובות הגאונים - גאונים קדמונים,"סימן כ""זP הדס של לולבM אם יכול לעשותו כולו עבותB סימן כ""חP הא דשלח רבין באיגרתיהM מי שמתM והניח אלמנה ובתB סימן כ""טP שגר גויM ואפה ישראלP אי נמיP שגר ישראל ואפה גויM וכו'B סימן ל'P תורמוסא דשלקי ליה גויםB סימן ל""אP צמר ופשתיםM דאסר רחמנאP דוקאM צמר כבשיםM אוM כל צמרB סימן ל""בP גוי דנא וישראל כובא חמרא אסיר וכו'B סימן ל""גP חביות של עץM מלאות וחסרותM מהוM שיטענו אותםM ויורידו גוים וישראל וכו'B סימן ל""דP יבמהM שאמרה תוך שלשים יוםM לא נבעלתיM כופין אותו וגו'P והכא אמור רבנןM כופין אותוM עד שיאמר רוצה אניP וכן בגטי נשיםP וה""ה לחליצהP וקשיין אהדדיB סימן ל""הP ברכות אבליםM ומתי אבלות חלה עליהםB סימן ל""וP אין מברים על מטות זקופותB סימן ל""זP מהו לסוך בשמן טובM ולצאת לרשות הרביםB סימן ל""חP ביום הכפוריםM שאסור לסוךM מהו לסוך מבערבB סימן ל""טP פנויM הבא על הפנויהM מהו שירש בנכסיםP ואם בת היא לכהונהB סימן מ'P ארוסהM שמתעברה כשהיא ארוסהM וילדה כשהיא נשואהM יש לבתה מזונותM או לאB סימן מ""אP מי שגזל שדה מחברוM ומכרה לאחרM והשביחהM מה גובהB סימן מ""דP לקח שדה במנהM והוקרM ועמד על מאתייםM ויצא עליה ערערM מה גובהB סימן מ""גP באיזה אמרו חכמיםM אין נשבעים על הקרקעותB סימן מ""דP מהו שיתן זרעים או ירקות בכרם לכתחלה בח""לB סימן מ""הP האומר לחברוM אם ילדה אשתך נקבהM הרי זו מקודשתB סימן מ""וP גוי שהכניס ידוM בתוך יינו של ישראלB סימן מ""זP המטהר יינו של גויM ונתנו ישראלM ברשותו של גוי וכו'B"
11,Geonim,ספר החילוקים,"א""מM אין רואין טבעת קידושיןP ובני א""יM רואין טבעת קידושין גמוריןB א""מM פודין מעשר שניM ונטע רבעיM אפילו באחדP ובני א""יM אין פודין אלא בג'B א""מM כותבין שתים בגט מעשר עשר אותיותP ובני א""יM מעשר עשר אותיותB א""מM מברכין החתןM בשבע ברכותP ובני א""יM בג'B א""מM ש""צ מברך ברכת כהניםP ובני א""יM איןM אא""כ הוא כהןB א""מM אוסרין פת שאפה גויM ואוכלין פת גויM ובלבד שיהא ישראל משליך עץ בתנורP ובני א""יM אוסריןB א""מM טוענין כספים בשבתM בכל מקוםP ובני א""יM אפילו ליגע בהםM אסורB למהB שכל המלאכותM משתמשות בהםB א""מM אומרים מקדש השבתP ובני א""יM ישראל ויום השבתB א""מM אין תלמיד שואל בשלום רבוP ובני א""יM תלמיד אומר לרבוM שלום עליך רביB א""מM יבמהM שנשאתM בלא חליצהM ובא יבמה ממדינת היםM עושים יבמה שיחלוץM ומתקיימת עם בעלהB ובני א""יM מוציאין אותה מזה ומזהB א""מM פוטרין את היבמה מן החליצהM לכשיתקיים הולד ל' יוםP ובני א""יM אפילו יצא ראשו ורובו בחייםM אפילו שעה אחתM הרי זו פטורהM מן החליצהM ומן הייבוםB א""מM אם תלד יבמתוM ומת הולדM בתוך ל' יוםM צריכה חליצהP ובני א""יM אפילו הפילהM והולד ניכרM אם זכר אם נקבהM עד שיהיה פרצוף של ולד ניכרM אינה צריכה לא חליצהM ולא ייבוםB"
12,Rishonim,שיטה מקובצת,"רא""שM יום חמשה עשר בחודש זה וכו'B כתבו בתוספותM נראהM דשלוש פעמיםM בט""ו בחודשM לכולי עלמא הוי מועד וכו'M עד דלאו סוף שלושים יום גריס וכו'P ונראת ליM סעד לדברM דלאו סוף שלושיםM קא גריסM שהריM כשרואה שלש פעמים בחודשM אין כל הראיות לסוף שלושיםM כי חודש אחד מלאM ואחד חסרP וכןM שלש פעמים ריש ירחאM אין כל הראיות לסוף שלושיםP וכןM סירוגין דשמעתיןM פעמים שהימים שבין שנייה לשלישיתM כימים שבין ראשונה לשניהM ופעמים וכו'B הרא""ש ז""לM עוד כתבוM אלמאM בעי שלשה ימיםM ליום עשריםM ואין הראשונה של ט""וM יום מן המניןP וקשה ט""ו ט""ו ט""וP למה הראשונה מן המניןB וי""לM דכשהוא יום חמשה עשרM שהוא יום ידועM ט""ו הראשון מן המניןP וכן שבת ושבת ושבתM שהוא יום ידועM שבת הראשון מן המניןP אבלM כשהראשונה ביום חמשה עשרM והשניה בעשריםM והג' בכ'M שאינו יום ידועM הראשונה של החמשה עשרM אינה מן המניןB גליוןB עוד כתבו בתוספותM וצריך לחלקM בין סירוגין של ימיםM לסירוגין של שווריםP והטעםM כי כשהוא סירוגין של שווריםM כשמסתלק הדילוגיןM ישאר מועד לשווריםM כמו לצירופיםP דממה נפשךM מועד לשוורים הואP משום הכיM השור הראשון מן המניןP אבל בסירוגין דימיםM כשנגח ביום אחדM ויום שני לא נגחM אייריM שביום שני ראה שוורים אחריםM ולא נגחP דאם לא ראהM דלמאM אם היה רואהM היה נוגחP וכיון שיש שני דילוגיםM דילוג הימיםM ודילוג השווריםP אם כןM אין יום הראשון מן המניןP שאם לא היה דילוג השווריםM אלא דילוג הימיםP לכךM היינו אומריםM שיום ראשון מן המנייןM כמו שבת ושבת ושבתP אבלM דאיכא דילוג השווריםM מסתבראM שיש לנו ללכת אחר דילוג השווריםM ומיום שני ואילךM אין שם אלא שני דילוגיםB הילכךM יום ראשון אינו מן המנייןB גליוןB"
16,Rishonim,מרדכי,"ודאנא דחמרא דמנחא חירותא בבראזיה אסור למיברזיה לההיא חירותא בשבתאM מ""טB דקתניM אםO היתה נקובהM לא יתן שעוהM מפני שהוא ממרחBC הכי נמיM כיון דפתח להאי קירותא לאותוביה בגוה קירותא לא אפשרB מאי תקנתיהB יטול מגופת חבית ממנהM וישתה ממנה כל צרכוP אבל כנופה לשעוהM מצד זה לצד זהM ולדבוקה ולסתמהM הוי ליה ממרחM וחייב חטאתB וששאלתםM מקום אחד ישM שכל מלבושיםM כיורדי מלחמהM אין לאחד מהםM פחות משלשה אזורותM ואותן אזורותM יש מהן של עורM עשירים נותנין בראש האזורM טסין של כסףM ושל זהבM ועניים של נחשתM ושל ברזלM שבהם קושרים את הרצועהM ובראשם טסים של כסףM וקושרים בה במנעולM תחת מקום הארכובהM וכסות שלהםM כסות של פרשיםM ויש שתופרים בהם מרגליותP כגון אילוM מהו לצאת בהן בשבתB כך ראינוM שכיון שמלבושיהם כך הוא תמידM וכן הוא מנהגםM מותר לצאת בהם בשבת לר""הM ואף על פיM שיש בהן טסים של כסףM ושל זהבP וכן במנעליהםM אין בכך כלוםM מפני שלנוי הואM שעושין אותןM מפניM שכיון שעשירים עושים אותן של כסףM ושל זהבM ועניים של נחשתM ושל ברזלM נעשות תכשיטים של כל אחד מהםM ומותרP וכן כסות שתופרים בו רצועהM מותר לצאת בו בשבתM ואף על פיM שתופרות בו ברצועותיהםM ומרגליותיהםP והכי אמר רב עמרם גאוןB וששאלתםP אמת המיםM העוברת בחצרM ואותה חצר מוקפתM ואין בעומקה י' טפחיםM ממלא מים ממנה בשבתM או לאB כך ראינוM שמותר למלאות ממנה בשבתB מה טעםB שכל מים שהן עשרה טפחיםM נעשו כרמליתM ואין ממלאין מהן מרשות היחידM מפני שמכניס מכרמלית לרה""יM ואסור מדרבנןP אבל אם היתה אותה אמת המיםM פעמים מתמלא עד עשרה טפחיםM מותרM אף בזמן שחסירה מעשרה טפחיםM אין ממלאין ממנה בשבתM מפני עמי הארץM שאומריםM פעמים אתם מתירים את השבתM ופעמים אתם אוסריםP שבת אחת מותרתM ושבת אחת אסורP לפיכךM מפני חילול השםM אין ממלאיןB"
19,Rishonim,"חידושי הרשב""א","כדינרי זהבM ולא כדינרי זהבP דאילו התם מגואי ומיחרץ חריץM והכא מאבראיCP והא דאמרי' נמי לעילMO כדינרי זהב ולא כדינרי זהבCM דאלו התם תוכותM והכא ירכותM מהאי טעמא הואMP דהתם מגואיM והכא מאבראוP וכן פי' רש""יM ורבינו חננאל ז""לP אלא דלעילM דבעי' למידק מינה דחק תוכות הוי כתיבה אהדר ליהM דהתם חק תוכותM והכא חק ירכותM אבל הכאM דכולהו מודו דחק ירכות בעינןM לא הוה מצי לאהדורי בההוא לישנאM דרבינא נמי הכיןM ס""ל דחקיקת תוכותM לאו כתיבה היאP אלא דמסבר סבר דרושמא כנופי מיכנף וחק ירכות היאM משו""ה אצטריך לפרושי ליה בהדיאM דהתם מגואיM והכא מאבראיB ירושלמי וכתב ולאO המטיףP ר' יוחנן בר שלום ור' מתניהP חד אמרM בשלא עירב את הנקודותM וחרנה אמרM אפי' עירב את הנקודותM וכתבM ולא השופךCB ואיתא נמיM במס' שבת פ' הבונהP ופירשו בירושלמיM השופךM א""ר חייא בר אבא אילין בני מדינחא ערימין סגיאיןP כד חד מנהון בעי משלחה מילהM כתב מיסטריקון לחבריהM והוא כתב ליהM במי מיליןM הוא שפך דיוM שאין בו חפץM פי'M עפץ בחלוף ח' בע'M והוא קולט מקום הכתבP ותו גרסי' בירושלמיM הקורעO על העורM כתבנית כתבP כשרB הרושם על העורM כתבנית כתבP פסולCB ובתוספתאM נאמרו דברים בהפךP הקורעOM פסולB הרושםM כשרPC ואיפשרM שהוא בטעות ידי סופרP אלאM שמצאתיה כן בתוספתא שבתM פ' הבונהM כמו שהיא שנויה כאןP ומן התימה שהרמב""ם ז""ל כתבM וערבן שניהםM וכתבM הקורעO על העורM וכן הרושם על העורM כעין כתבM כשרCB אמר ליהM נתקבלה גיטהM ונתקבלה כתובתהB תמיהא ליM היאך איפשר לומר כןM דכיון דנותן לה גופו של טס לכתובתהM הוה ליה פורח באוירM וכקושייה דרבאM ונ""לM דכיון דאמר לה הכיM והיא קבלתוM הו""לM כאומר להM התקבלי גיטיךM ומחלי כתובתיךP וכענין שאמרוM בפ""ק דקידושיןM כנסיO סלע זהM שאני חייב ליכיM וחזרM ואמר להM התקדשי לי בוM מקודשתPC וכפי שפירשתי שםM דמחלה חובהM ואינה חוזרת וגובה ממנוB"
29,Rishonim,"יד רמ""ה","נפלO הבית עליו ועל אביוM עליו ועל מורישיוM והיתה עליוM כתובת אשהM ובעל חובM יורשי הבן אומריםM האב מת ראשוןM ואחר כך מת הבןM ויורשי האב אומריםM הבן מת ראשון ואחר כך מת האבP ב""ש אומריםM יחלוקוP וב""ה אומריםM נכסים בחזקתןCB מתניתיןM כשהיתה על הבןM כתובת אשהM או בעל חובM ולא הניח נכסיםM לגבות מהןP יורשי הבןM שהן בעלי חובותM אומריםM האב מת ראשוןM וזכה הבן בנכסיםM קודם מיתתוM והיינו דקתניM ואח""כ מת הבןM כלומרM לאחר שזכה בנכסי אביוM ונשתעבדו הנכסיםM לבעלי חובותיו של בןM קודם מיתתוP ויורשי האב אומריםM הבן מת ראשוןM ואח""כ מת האבM ונמצאM שלא זכה הבןM בנכסים הללו מעולםM כדי שישתעבדו לבעלי חובותיוB ב""ש אומריםM יחלוקוM דממון המוטלM בספק חולקיןP וב""ה אומריםM נכסים בחזקתןM כלומרM בחזקת יורשי האבP וקי""ל כב""הP ודוקאM היכאM דכתב להו הבן לאשהM ולבעל חובM דאקני דאשתכחP דאי הוה ידעינןM דאב מת ראשוןM וזכה הבן בנכסיםM משתעבדי ליה לבעל חובM ולכתובת אשהM ואף ע""גM דבשעת הלואהM ובשעת נישואיןM אכתי לא זכה בהו הבןM בהני נכסיM כיוןM דכתב להו דאקניM כי קני להוM בתר הכיM מיהת משתעבדיM אבלM לא כתב להו דאקניM אפילו ב""ש מודוM דנכסי בחזקת יורשי האב קיימיM דנהי נמיM דאב מת ראשוןM הא לא משתעבדיP מהא שמעינןM דלא גבי בעל חובM אלאM מנכסים שזכה בהן הלוה מחייםM ואף על גבM דלא אתו לידיהM אבלM נכסיםM שלא זכה בהן הלוה מחיים כללM כגוןM שמת הלוה בחיי אביוM ואח""כ מת אביוM לא גבי בעל חוב מנכסי אביו כללM דא""כM הכא מאי טעמייהו דב""שP וב""הM נהי נמי דבן מית ברישא כי מת אב מיהת ליתי בעל חובP ולגבי מחולקא דהוה חזי ליה לבןM אלא לאוP ש""מM דכל כי האי גוונאM לא גבי מיניה בעל חובB הילכךM אפילו כתב ליה דאקניM נמי ולא כלום הואM דכי מהני דאקניM היכא דקנה לוה בתר הכיM אבל היכא דלא קנה לוה בתר הכיM ולא מידיM לא מהניM דנהי דא""לM דאקני הא לא קנהM ולא מידיB"
39,Rishonim,תוס' רבינו שמואל,"איןO לוקחין בהמהM במעות מעשר שניCP היינו טעמאP כדתניאM בס""פ לולב הגזולM אחדO שביעיתM ואחד מעשרM מתחללין על בהמה חיה ועוףP דברי ר' מאירP וחכמים אומריםM אין מתחלליןM שמא יגדל מהן עדריםCP ומודה ר' מאיר בנקבותM כדקאמר התםM מחלוקת בזכריםB ובירושלמי מפרשM דפליגי בזכריםM אי גזרי' אטו נקבותP ואפי' לכתחלה שריM ר' מאירP דבתוספתא דשביעית קתניM מחלליןO על בהמה חיה ועוףCP ולשון מתחלליןM דנקט בברייתאM דלולב הגזולM דמשמע בדיעבדM משום רבותא דרבנןM דאפי' בדיעבדM אין מתחלליןP ומ""מM הא דקתני הכאM במזיד תעלהM ותאכל במקוםM א""ש אפי' כרבנןM כדמפרש ר' יהודהM שלקחה מתחלהM לשם שלמיםM דכה""גM לא גזרו דיעבדM שמא יגדלM ולאו דוקא לשם שלמיםM דאפי' בסתם נמי כיון שהן תמימיםM דהא לא ממעטM אלא דוקא מתכוין להוציא מעות לחוליןP והא דאמרי'M בזה בוררM דאימתי דר' יהודה לפרשM ובמה לחלוקM ה""קM דאימתי לעולם לפרשM ובמה פעמים לחלוקP ובקונטרסM פי' טעמאN דאין לוקחין בהמהP דכתיבM וצרתO הכסף בידךCM ועודM שמא תכחישM ולא יתכןM דהא ר' מאירM שרי לכתחלהM ורבנן נמיM דאסריM היינו משום שמא יגדלB בשוגגOM יחזרו דמים למקומןCP פ""הM כופין המוכר להחזיר הדמיםM דמקח טעות הוא ללוקחM משום טירחא דבהמהB ולמאיB דפרישיתM דלרבנן אין מתחלליןM אפי' בדיעבדM יש לפרשM כופין הלוקחM להחזיר הבהמהM דמקח טעות הוא למוכרM משום טרחא דמעותB אין לוקחין בהמה טמאהM לאו דוקא הניM דה""ה מלבושיןP ובפ' הזהב פי'M גבי זהו נכסיM כהן יאכל כנגדן בירושליםM פ""ה שהמעות כל מקוםM שהן יתחללו על אלוM הקשה ריב""אM דבמרובה בשמעתתא דצנועיןM משמע שאין יכולM לחללM דבר שאין בידוM אף על גב דצנועים פליגיM קי""ל כר' יוחנןM דלית ליה דצנועיםP וי""ל דקנסא בעלמא הואP כדקאמר בסמוךM דקנסינן ליה למוכרP והא דפריךM והרי בהמה טמאהM לא פריךM דגבי אשה נמיM יאכל כנגדןM דגבי בהמה נמיM לא אמרי' הכיM אלא כשברחM והכי פריךM כי היכי דגבי אשהM קתני במזיד קדשM כה""גM הל""ל הכאB"
49,Rishonim,"תלמיד ר""י הזקן","אפילו תימאM רבי יהודה למיתבה להוM אבלOM למישם שיימינן בהוCM כיון דאינו בר בושתM כי נתכווין לבייש עבדM ובייש בני חוריןM אמאי משלמיB והאM כולי עלמא מודוM נתכויןO להרוג את הבהמהM והרג את האדםCM דפטורP והיינוM כמו כן ממשP וי""לM דאילו אמרינןM דפטור גבי קטלאM היינו משום דכתיב ביה קראM בבליO דעתCM למתכויןP אבל בממוןM דהיינו בושתM חייבM דהא לא גמרינן ממונא מקטלאM דאילו גבי קטלאM טעמאM והצילוO העדהCM אבל ממונא לאP והכי נמי משמע לעילM מה קטלא עד דמכוין ליהP דכתיבM וארבO לוCM אף בושת עד דמכוין ליהP דכתיבM ושילחהO ידה וגו'CP וטעמא משום דכתיב גבי בושת קראM אבלM אי לאו קרא דכתיב גבי בושתM לא הוה ילפינן מקטלאM ומשום טעמאM דפרישית ערום בר בושת הואP ולא מצי לשנוייM כגון דתקע לוM או סטרוM או ביישו בהכאהM דהא קתניM אינוO דומה ביישו ערום לביישו לבושCM דמשמע דביישו במלבושP ותדעM דהא לא פריך ליה על מתניתיןM משום דמצי למימרM כגון שפירשתיM שביישו בהכאהM או סטרוM אף כאןM סומין לאP וא""תM ואימאM מה עדים זוממין פסולין לאM אף בושת פסולין לאM ואימאM אימעיט גזלנים ועבדיםP ואמאיB איצטריך לרבי יהודה לקמן קרא למעוטי עבדיםP וי""לM דלא גמר מגזירה שוהM אלא מלשון דעיניךOC דעיניךOCP משמעM מי שיש לו עיניםM למעוטי סומאB אין מיעוט אחר מיעוטM אלא לרבותP וא""תM ולא ליכתוב רחמנא כללM הני תרי מיעוטיM וממילא הוה מרבינא סומאM דמהיכא הוה ממעיטנאP וכן נמי קשי בכל דוכתאP דקתניM איןO מיעוט אחר מיעוט אלא לרבותCM חוץ מההיא דפ""ד דמגילהM דעשרהO כהניםM כתובים בפרשהCM דמרבינן תשעה ישראליםM דהתם לא סגי ליהM דלא ליכתוב עשרה כהניםM לרבות תשעה ישראליםB"
59,Rishonim,ספר האורה (הלכה ומנהג),"על הכחל אני משיבךM שאני לא שמעתי קורעו ומוציא את חלבו להתירו עם הבשרM לא לכתחילה ולא לדיעבדM אלא להתירו בפני עצמוP אבל כחל שנתבשל עם בשרM אוסר בששים כשאר איסוריןN שבתורהP וכן הלכה רווחתM בין שהוא כחל של מניקהM בין שהוא כחל שאינה של מניקהM אלא חלקו בדבר משום גזירהM וצריך לחטט שיניו אם בא לאכול אחריו בשרB דין ניקורB השיב ר' יצחק הלוי לרבינו שלמה בר יצחקM נשמתו עדןM על ניקור בהמה וחיהM על ניקור יריכי החיות ששאלM בקי אני בוM שהוא בקי בחדרי תורהM ומבורר לו על בוריוP אבל שלא יחשיבנו חביבי כמבזה על דבריוB על כןM אני כותב לחביריM טעמי הגיד ותורתוM כך הוא הדיןM בלא שום חטיטהM מצוה לנקר החיה כמו של שורM ושל כשב ועזM וכל מה שאסור בירך בהמהM אסור בחיה בכל הירךP והשוק של מטה הימנוM שקורין צנקיריןM וכן שומן גיד הנשהM וכן בכנפי העוקץ בוקא דאטמאM צריך לנקרו מן בית הפרשות שלוM שקוראין קודי""לM עם אותו שקוראין אנק""אM צריך העצם של בוקא דאטמאM וכל הניקור כנגדהM כמו של בהמהM לפי שהגידM ראשו נכנס תחת אותו העצםP ואם יש אדם שמפטפט כנגדו על דברM ראוי לנדותM ונוטה הוא לצד מינותM לפי שלא חלקו רבותינוM בין חיה לבהמהM אלא בחלבים הקרבים לגבי מזבחP אבל הגידM וכל הבא מכוחןM אסור כשל בהמהP כדתנןM ונוהגO בבהמה וחיהCM והשומןO ישראלCM קדושים הם נהגו בו איסורP וגם איסור השומןM אסור בשל תורהP כמו ששנינו בפסחיםM העצמותO והגידין ישרפו לששה עשר וכו'CP דאמר רבינאM לאO נצרכהM אלא לשמנוCP ותו גרסינןM הזהרO בדברי סופריםM יותר מדברי תורהM שדברי תורהM יש בהן עשהM ולא תעשהM ודברי סופריםM העובר על דברי סופריםM חייב מיתהCP ומה ששנינוM ישראלO קדושים הםM נהגו איסורCM דברי סופרים הואP ולכךM יש להחמיר עליו הרבהB"
69,Rishonim,צרור הכסף,"גרסינן בפרק איזהו נשךM אמרO רבהM הני בי תלתא דיהבי זוזי לחד למזבן להו מידיM וזבן לחד מינייהוP זבן לכולהוB ולא אמרן אלא דלא צר וחתים איניש לדעתיהCP כלומרM אלא שהיו מעורביןM אבל צר וחתים אינישN איניש לדעתיהP למאן דזבןM זבןM למאן דלא זבןM לא זבןP וכ""כ ר""םM פ""ז של קניןM וכתב שםM הנותןO מעות לחבירוM לקנות לו קנית קרקעM או מטלטליM והניח מעות חבירו אצלוM והלךM וקנה לעצמו במעותיו מה שעשה עשויM והרי הוא בכלל הרמאיןB היה יודעM שזה המוכר אוהב אותוM ומכבדוM ומוכר לוM ואינו מוכר למשלחוM הרי זה מותר לקנות לעצמוP והוא שיחזור ויודיעוP ואם פחדM שמא יבא אחרM ויקדמנו לקנותM הרי זה מותר לקנות לעצמוM ואחר כן מודיעוCPM ע""כP והיינוM מאי דגרסינןM פרק האומר דקידושיןM תניאMO מה שעשה עשויM אלאM שנהג בוM מנהג רמאותPC רבהO בר בר חנהM יהב זוזי לרבB א""לM זבנה ניהליM להאי ארעאB אזלM זבנה לנפשיהB והתניאP מהO שעשה עשויM אלאM שנהג מנהג רמאותC באגא דאלמא הוהP פירושM בקעה של אלמים היתהM לרב נהגי ביה מנהג כבודP לרבה בר בר חנה לא נהגי ביה מנהג כבודP ואמרינןM איבעיא ליה לאודועיP סברM אדהכי והכי אתו איניש אחרינא וזבין להCPM ע""כP וכתב ר""מM שאם קנה השליח הבקעהM במעותיו של זהM שהמקח של המשלחM שלא כדעת הגאונים ירושלמיP והביאו רי""ף ז""לM בפרק איזהו נשךM תניM הנותןO מעות לחבירוM ליקח בהם פירותM למחצית שכרM ולא לקחM אין לו עליוM אלא תערומתP ואם ידוע שלקחM ומכרM ה""ז מוציא ממנוM על כרחוPC והנותן מעותM ליקח בהן פירות למחצית שכרM רשאי הלוקחM ליקחM מכל מין שירצהM ולא יקחM לא כסותM ולא עצים ע""כB"
79,Rishonim,ספר מנהגים,"ויותר טובM לשאוב מן הנהרותM כמו שכתב רש""יP וכן כתב אב""י העזריM בס""הM מפרש טעמאM שרוח צפוניתM מנשבתM עד אור הבוקרM לכךM צריך לינהM ולא יוליכו המים תחת השמשM או תחת מעונןM כי חם בשמשM אלא מכסהו בסדיןP ומזה הטעםM נמי צריך לינהM כדי שיתקררוP ופעם אחתM חל י""ד להיות בשבתM וציוה הר""יM להביא מיםM מערב שבתM ולהחתים המים במפהM ולהניחו בתיבהM אף על פיM שהתקופה נפלהM בתחילת ליל י""דP וה""ר חיים אומרM שאין צורךM כי אין צריך ליזהרM רק שלא ישתהM אבל שלא ללושM אינו מזיקM כי אין סכנה לשתותM רק בשעת תקופהP ועודM כי ליל שימורים הואM ובשאר ימות השנהM מניח לתוך המים מלחM או ברזלM בשעת נפילת התקופהM ואינו חוששB מביאין מים ללישהM כשחל י""ד בשבתM באור י""גM ולא בע""שM שמא יקדיםM קודם הערב שמשM או יאחרM ויחלל את השבתM לשון מרדכיM פרק קמא דפסחיםB נשאלה שאלה זוM על התקופה ניסןM שנפלה בחצי ליל פסחM ואי איפשרM לאפות בליל שיניM מצות של מצוהM ואין כאןM מים שלנו הלילהM וכן על מת בעירM שצריך לשפוך אותה דירהP והשיב ה""ר הללM מתשובת רבינו יצחק הזקןM שמיםM שרגילין לשפוךM כשיש מת בעירM לאו חובהM אלא לפרסומי ניסאM דאיכא מת בעירP וכן תקופהM אין שייךM אלא בנהרותM אבל בעירM ליכא מידיM אלאM שחכמים גזרו בעירM אטו נהרותP הילכךM כשאירע תקופה בחצי ליל פסחM לא ישפכםM אלא יקיימםM ויאפה בהםM ואין חוששM תשובת רבינו יצחקBM אם נשפכו כל המיםM עבור המתM אין בידי להתיר מים שלא לנוM ע""י הדחקP ובא מעשה לפנינוM בערב הפסחM ואמרM שלא לשפוך המים שלנוM בשביל המתM דליל שימורים הואP וכן הייתי אומרM בשאר לילות דפסחM דשומרO פתאים ה'CM וחלילהM שיארע דבר תקלה במצות השםP והא דתנןM במכילתאM לילO שימוריםCM מכאןM שצריכים להשתמרM היינו דוקא בשדהB מצאתי"
89,Rishonim,ספר הכלבו,"אסורO לאדםM לעבור אחורי בית הכנסתM בשעה שהצבור מתפלליןM אלא אם כןM היה נושא משאM אוM שהיו לבית הכנסתM שתי פתחיםM בשני רוחותM אוM שהיו שתי בתי כנסיות בעירM או שהיו תפילין בראשוM שמוכיחיןM שאינו מבטל מדברי תורהM וכי הוא רודף אחר המצותCB המתפללO עם הצבורM לא יאריך בתפלתוM יותר מדאיP ואם בינו לבין עצמוM אם בא לומרM אחר תפלתוM אפילו כסדר יום הכפוריםM הרשות בידוPC וכןM אם ירצהM להוסיף באמצעיותM מעין כל ברכהM לבקש מה שהוא צריךM יעשהP ובשומע תפלהM שואל כל צרכיוM אם ירצהP ולא בג' ראשונותM ולא בג' אחרונותP וכתבו הגאונים ז""לM דדווקא צרכי יחיד הואM דלא שואליןM אבל צרכי רביםM שואליןP ועל זהM פשט המנהגM לומר קרובוץ ופיוטיןM ולהוסיף בהםM בעשרה ימיםM שבין ראש השנהM ליום הכפוריםM כמו שנבאר במקומו בע""הB אסור לאדם לאכולM או לעשות מלאכהM משעלה עמוד השחרM עד שיתפלל תפלת שחריתM ולא יצא לדרךM קודם תפלת שחריתM ולא ישכים לפתח חבריוM ויתן שלוםM קודם שיתפלל תפלת שחריתP אבלM אוכליןM ועושין מלאכהM קודם מוסףM וקודם מנחהP אבלM משהגיע מנחה גדולהM לא יאכלM עד שיתפלל תפלת המנחהB וכתבוM בתשובת הגאונים ז""לM הנכנס בסעודהM שקורין אריסטיןM כיון שהגיע היוםM לשש שעות ומחצהM לא יתחילM עד שיתפללP ואם התחילM לא יפסיקP ובסעודה קטנהM אינו אסורP וכתב רב יצחק ז""לM מותר להתחיל סעודהM עד שיהא תשעה שעות ביוםM שהוא סמוך למנחה קטנהP ומזה נמי איכא לספוקיM אם סעודה קטנהM אסור מתשע שעות ולמעלהP ורבינו ברוך ז""ל אוסרP ורבי יהודה מתירM בשם ר""ץ ז""לP והר""ף וה""ר נתן כתבוM כי סעודה גדולהM נקראת כמו סעודת חופהM או ברית מילהM או מרעותM אבל שבת שחריתM אף על פי שמאריכין בסעודהM אינה נקראת סעודה גדולהP וצ""עMB מבעל הבית שבני ביתו קרוביםMPB ולא יכנס למרחץM ולא ישב לדוןM ולא לפני הספרM ולא יכנס לבורסקיM שמא ימשך באחת מכל אלהM ויבטל מן התפלהP ואם התחילM באחת מכל אלהM גומר ואינו פוסקP וקודם תפלת השחרM מותר ליכנס למרחץM ולהסתפרM לפי שאין זה דבר מצויM ולא גזרו בו חכמיםB"
99,Rishonim,השולחן,"התפלות האלוM אין פוחתין מהןM אבל מוסיפין עליהןB אם רצה אדםM שיתפלל כל היום כולוM הרשות בידוP וכרבי יוחנן דאמרM ולואיO שיתפלל אדם כל היום כולוCP וכתבו הגאונים ז""לM הני מיליM ביחידM ואדעתא דרשותP אבל אדעתא דחובהM אסורP וצבורM אפילו אדעתא דרשותM אסורP דקיימא לןM תפלות כנגד תמידין תקנוםM וכיון שאין הצבור מביא קרבן נדבהM כך אין הצבור מתפלל תפלת נדבהP אבל היחיד מתפלל תפלת נדבהM כשם שמביא קרבן נדבהP לפיכךM אין מתפללין לעולם מוסף נדבהM לפי שאין היחיד מתנדב קרבן מוסףB מי שהתפללM ושכח שכבר התפללM ועמד להתפללM על דעת חובהM ונזכר שכבר התפללM פוסקM ואפילו באמצע ברכהM שאם בא לגומרהM נמצא כמי שהקריב שני תמידין בשחרM שהוא עוברM משום בל תוסיףM ולפיכךM פוסקM ואפילו באמצע ברכהP ובזה אפילו רבי יוחנן מודהM שלא אמר רבי יוחנןM ולואיO שיתפלל אדם כל היום כולוMC אלא בתפלת נדבהM כגון תפלת תחנוניםM וכיוצא בהםP אבל על דעת חובהM לא אמרM אלא פוסקM כמו שבארנוP וכן כתב הרב אלפאסי ז""לM משמיה דגאון ז""לB בימיO רבן גמליאלM רבו מינים בישראלM והיו מצירין להןM ומסיתין אותןM לשוב מאחרי השםCP ועמד שמואל הקטןM והתקין ברכהM שתהא בה שאלהM לשם יתברךM לאבד המיניםM וקבע אותה בתפלהM שגם היא צורך בני אדםM וקראו אותה ברכהM ברכת המיניםP ונמצאו כל הברכות שבתפלהM י""ט ברכותB מי שהיה טרוד ודחוקM כמי שמהלך במדברM וכיוצא בוM מתפלל שלש ראשונותM ושלש אחרונותM ובאמצע ברכה אחתM מעין כל הברכות האמצעיותM וזו היאP הביננוOM י""י אלהינוM לדעת את דרכיךM ומול את לבבנו ליראתךM לסלוח היה לנוM להיות גאוליםM רחקנו ממכאובM ודשננו ושכננו בנאות ארצךM והנפוציםM מארבע תקבץM והתועים בדעתך ישפטוM ועל הרשעיםM תניף ידיךM וישמחו הצדיקיםM בבנין עירךM ובתיקון היכלךM ובהצמחת קרןM לדוד עבדךM ובעריכת נרM לבן ישי משיחךM טרם נקראM אתה תענהM טרם נדברM אתה תשמעM כי אתה הוא עונה בכל עת צרה וצוקהM פודה ומצילB ברוך אתה י""יM שומע תפלהBC תקנו הביננוM כנגד אתה חונןP ומול את לבבינוM כנגד השיבנוP לסלוח היה לנוM כנגד סלח לנוP ולהיות גאוליםM כנגד גאל ישראלP רחקנו ממכאובM כנגד רפאינוP ודשננו בנאות ארצךM לשון נוהM כמוM בנאותO דשא ירביצניCM והיא כנגד ברכת השניםP והתועים בדעתך ישפטוM כנגד צדקהN ומשפטP וכן כולםM כענין זהM עד שומע תפלהB כל השנה כולהM אדם אומר הביננוM בשעת הדחקM חוץ מימות הגשמיםM מפני שצריך לומר שאלהM בברכת השניםP וכןM אין מתפללין הביננוM במוצאי שבתותM וימים טוביםM מפני שצריך לומר הבדלהM בחונן הדעתP וכן פסק רבינו האיי גאוןM ז""לB"
109,Rishonim,מהר״י ברונא,"תלמידים שרצו להנהיג רבנותM וגם שקבעו ללמוד בראשוניםB סי' רכ""חB ב' שקבלו לדון לפני פ' ופ'M לדין ולפשרהM ואחד מהם רוצה להסתלקM באומרוM שלא למד דינים וכתיבהB סי' רי""גB עמ""ש המרדכיM ז'O בני העירM הוו כמו גדולי הדורM והפקרן הפקרCM ואח""כM כתבM דוקא כי דינא דרב אמי כו'B סי' קכ""גB ה' הלוואותM וגבית מלוהM אי שמיטת כספים נוהג בזה""זB סי' קכ""וB ועיין ח""מ סי' ס""זM ובאחרונים זלה""הM שטר שכתובM וחתימתו יעיד ליM כמאה עדיםM או חתימתיM יעיד כמלוה בשטרB סי' ק""סB  ע""ד המרדכיM ר""פ מי שמתM דאין אדם יכול להקנות לישראלM חוב שיש לוM על הגויM ואפילו בקנין אגב ארעאM ומעמד ג' כוB סי' קס""אB וע' בסימן רי""בB וע""ע בפו""כB סימן קצ""טM ע""ד המרדכיM בפ""ב דכתובותM דמתירין לקיים שטרות בקרוביםB סי' קס""זB חליפיןM אי עדיף משטרP ואי שכירות קרקעM נקנה בחליפיןP ובשאלת קרקעM אי מועילB סי' ק""עM וסי' קע""בM וסי' קע""הM וסי' קע""וB ראובן יש לו שטר על שמעוןM ושמעון תובע העתקM כדי להשיבM וראובן אומרM אין רצוני שתפקפק בשטריM זולת אראנו לב""דB סי' קי""אB בטועןM שמכר לו חובM שהיה לו על הגויB סי' רכ""הB התובע מחברוM וליתן לו פטורים על תביעתוM וחברו אומרM כל התביעות שיש לךM תבעיני עתהM ותן לי פטוריםM על הכלB סי' רע""אB אנשיםM שחייבים לראובןM וחד מהםM שהוא גבאיM גבה בעד ראובןM באומרו שחייב לצדקהM וכשמת ראובןM והניח בן קטןM תובעים האפוטרופסים החובB סי' ס""בB בית ראובןM שדר בתוכה שמעוןM וטועןM שאביו של ראובןM העבירה לוM וגם החזיק בהB סימן רע""טM וסי' ר""פM וסי' רפ""אB"
119,Rishonim,זכרון יהודה,"תשובהP ורצועה הקשורה בשערוM נ""לM דאסור לצאת בה בשבתM דחיישיניןM דלמא נפילM ואתי לאיתוייB שאלהP ילמדני מריM מביאין לכאן דגM ששמו לינסיראהM ונוהגין בו איסורM ויש לו סנפירM ושמעתיM כי ר' שאול ז""ל בדקוM ומצא בוM סנפיר וקשקשתM והתירוP ואעפ""כM נוהגין בו איסורP ואני בדקתיוM ומצאתי לו קשקשתM אף על פי שאינה נראיתM לכאורה לאחר שנתיבשM שוב שריתיו במיםM ואז נראית בטובB הודיעניM אם יראה לך להתירוM כיון שיש בו סנפיר וקשקשתM כי למדתנו רבינוM עוףO טהורM נאכל במסורתCM אבל דגM אני סבורM שאין צריך מסורתM כיון שמפורש סימניו בתורהB הנני שולח דג אחד מהםM ואתה בחסדך תצוה לבדקוM והודיעני מה יראה לך בוM ותצוה ליתן תשובה לזה הרגלי מידM ואין להאריךM ושלום כנפשP עבדךM צעיר תלמידךM אשר הקטן בן אחיךM ר' שלמה ז""לB תשובהP דבר פשוט הואM שהדג שימצא בו האדם קשקשתM שהוא מותרM ואין צריך לזה מסורתM כמו הנהו עובדיM דפ""ב דע""זP והדג שרו אותו במיםM ובדקו אותו בסכיןM שלמה בניM ואמוM וקצת מן התלמידיםM ואמרוM שמצאו לו קשקשתP ושלום כנפשP דודךM הכותבM יהודה בן הרא""ש ז""לB שאלהP עוד ילמדני מריM ראובן הביא לי שטר על שמעון לגבותM ועיינתי בשטרM ומצאתי בוM כחצי שיטה חלקM קודם שיטה אחרונהM והי' במעמד לויM ואמרתיM תעידM היאך הואM זה השטרM שחסר ממנוM כחצי שיטהP אז לקח ראובן השטרM והלך לוM ולאחר זמןM הביא ראובן השטרM ומצאתיו כתוב כולוM ובמקום החלקM הי' כתובM והכל מקויים ושרירP ושאלתי לסופרM ואמרM כי הוא כתבוM כי כן דרכםM לכתוב בשטרותM ולהניח מקום חלקM לראות אם דבר ביני שיטיM או על הגררP ואפשרM שבעבור זהM נשאר זה המקום חלקM ועל זה כשהוליך לו ראובן השטרM ראה כי לא הי' שום דבר ביני שיטיM ועל הגררM וכתב במקום החלקM הכל שריר וקייםB הודיעני הדין בזהP ושלום לךM ולתורתך כנפשM עבדךM צעיר תלמידךM אשר הקטן בן אחיךM ר' שלמה ז""לB"
129,Rishonim,חזה התנופה,"מי שקבל עליו להחזיק לחבירו על עצמו שטר בסך ידועM ושיתן לו ערב בשטרM ואם לא יעשה כןM שיפרע כו""ך קנסM והחזי' עליו בשטרM שכנגדו טוען שלא נתן לו ערבM ולכן יתחייב בקנסM והלוה טוען שנתן לו ערב בשטרM מבלעדי השטר הא' שהחזיק על עצמוM ושהערב הלך למדינת היםP אם יש בעיר עדים ידועיםM וסופרים ידועיםM שלא יכתבM ולא יחתםM שום דבר חזוקM זולתי על ידיהםM אף זה הדבר יתברר על ידיהםM אם כנים דבריוM שנתן ערב בשטרM ואין כאן מקום להשביעוP אבל אם אין עדים וסופרים מיוחדים בעירM אז צריך להזכיר שם הערב שאומר שנתןM ושם הסופר והעדים שעש' שטר על ידםM וישבע שהוא כדברי'M אם לא מצא אותם באות' שעהM ויפטר מן הקנסM כי אין אדם נאמן לו' לחבירוM פרעתיך בפני פ' ופ' והלכו למדינ' היםP סבראB אעפ""י שהנותן גט לאשתוM בתנאי שלא תלכי לבית אביך הגט כשרM והתנאי קייםM אפ""הM אין לשום אדם להשתדל בגט שינתן בתנאי כזהM כי אין ספק שלא יתקיים תנאי זהM שא""א לה שתעמוד על נפשה מלכת לבית אביהM ונמצ' גט בטלM ובני' ממזריםB ואם המגרש הזהM הוא מאלו שכופין לגרשM ולא רצה לגרש רק בתנאי זהM אין שומעין לוM וכופין אותו לגרש בלא תנאי זהP סבראB ראובן נכנס לדור בבי' שמעון שלא מדעתוM כי ראו שהי' הבי' רעוע נטוי ליפולM והחזיק בוM ובנה בוM והצילו מסכנת נפילהM גם ציירו וכיירוP אם בא עתה שמעון להוציאו מביתוM אינו יכול להוציאו מסכנת נפילהM וע""פ שומת הבנאיןM שיראו הבנין שבנהM ויראו איזה בנין בנהM לצורך הבי' להצילו מנפיל'M וישומו דמי ההוצא'M ויפרענ' שמעון לראובןM ואז יוציאנו מן הביתP אבל אם בנה ראובן חדרים ועליות להנאתוM וצייר וכיירM ושאר דברים שלא היו צריכים לבית להצילו מן הנפיל'M אין שמעון חייב לפרוע לו דברM אלא אומר לוM טול עציך ואבניך וציוריך וכיוריךP ואף אם הי' הבית מצוייר ומכויר מתחילתוM כי הציור והכיור אינו לחזק הבניןM כי אם לנוי בעלמ'B לכן אין שמעון מחוייב לפרוע לו דבר מההוצא' ההיאM שהוצי' מעצמו ומדעתוM ויקח ציורו וכיורו וילך לוP סבראB"
